Nome,Categoria,Città,Stato,Citazioni,Descrizione,Posizione,Lat,Lon
All Things Hainanese,cibo,Singapore,da_fare,1,"Locale che offre un nuovo timbro di dimensioni maggiori rispetto al passato.
💡 Si trova all'unità 02-19.
https://www.instagram.com/p/DdP5_FTE5PA/","All Things Hainanese, Singapore, Singapore",,
Alta Sneem Restaurant,cibo,Singapore,da_fare,1,"💰 S$3.50 per double egg roti, S$2 per Teh Tarik
Ristorante indiano halal aperto 24/7 di fronte alla Sultan Mosque, famoso per il double egg roti servito con salsa al curry e il Teh Tarik.
💡 Ordina il double egg roti con salsa al curry.
💡 Chiedi una salsa al curry più piccante se preferisci.
💡 Prendi un Teh Tarik come bevanda.
💡 Disponibili posti a sedere sia al chiuso che all'aperto.
⚠️ Più morbido del previsto
https://www.instagram.com/reel/DZj6yhtqccL","Alta Sneem Restaurant, Singapore, Singapore",,
Arab Street,cultura,Singapore,da_fare,1,"Caratteristica via che ospita la splendida Sultan Mosque, la preferita dai creator.
https://www.instagram.com/p/DcPieJXT1LN/","Arab Street, Singapore, Singapore",1.300603,103.859671
ArtScience Museum,cultura,Singapore,da_fare,3,"Museo all'avanguardia che ospita la mostra di tecnologia digitale Future World.
Museo dall'architettura unica che unisce arte e scienza.
Iconico museo a forma di fiore di loto che ospita mostre interattive tra arte, scienza e tecnologia.
https://www.instagram.com/p/DcPieJXT1LN/
https://www.instagram.com/p/DcoOjNHCGFl/
https://www.instagram.com/p/DcTD6lvg0YK/","ArtScience Museum, Singapore, Singapore",1.286138,103.859230
Baia,nightlife,Singapore,da_fare,1,"Rooftop con vista panoramica su Marina Bay, ideale per cenare ammirando lo skyline.
💡 Meglio prenotare in anticipo.
https://www.instagram.com/p/DcTD6lvg0YK/","Baia, Singapore, Singapore",1.281149,103.864960
Big Short Coffee,cibo,Singapore,da_fare,1,"Caffetteria nel quartiere di Katong-Joo Chiat per una buona dose di caffeina.
https://www.instagram.com/reel/DcYiu0gzYjY","Big Short Coffee, Singapore, Singapore",,
Bras Basah Complex,shopping,Singapore,da_fare,1,"Un complesso commerciale storico noto come paradiso nascosto per gli appassionati di timbri.
https://www.instagram.com/p/DdP5_FTE5PA/","Bras Basah Complex, Singapore, Singapore",1.296557,103.853649
Buddha Tooth Relic Temple,cultura,Singapore,da_fare,1,"Tempio buddhista situato a Chinatown, da visitare durante l'esplorazione del quartiere.
https://www.instagram.com/p/DOq0Cnqk5eN/","Buddha Tooth Relic Temple, Singapore, Singapore",1.281509,103.844189
Bugis,cultura,Singapore,da_fare,1,"Quartiere dinamico che offre un'esperienza unica e un'atmosfera distintiva.
https://www.instagram.com/p/DdRmJ7ylLbW/","Bugis, Singapore, Singapore",1.299966,103.855289
CapitaSpring,natura,Singapore,da_fare,2,"💰 Gratis, gratis
Offre una vista panoramica gratuita sullo skyline dal 51esimo piano.
Splendido giardino panoramico sul tetto che offre una vista gratuita sullo skyline e sul Marina Bay Sands.
💡 La prenotazione è obbligatoria.
💡 È necessario prenotare in anticipo.
https://www.instagram.com/p/DcPieJXT1LN/
https://www.instagram.com/reel/DZCo8qgF-sS","CapitaSpring, Singapore, Singapore",1.284220,103.850131
Cat Socrates,shopping,Singapore,da_fare,1,"Negozio situato nel quartiere di Katong-Joo Chiat, ideale per acquistare souvenir.
https://www.instagram.com/reel/DcYiu0gzYjY","Cat Socrates, Singapore, Singapore",1.306504,103.904444
Changi Airport,attivita,Singapore,da_fare,2,"Aeroporto straordinario che ospita Jewel, la Rain Vortex, il Sunflower Garden e il Butterfly Garden.
Aeroporto pluripremiato con attrazioni, giardini e aree relax, ideale per lunghi scali.
💡 Lascia del tempo extra prima del volo per esplorare le attrazioni.
💡 Ottimo per uno stopover di 12 ore.
https://www.instagram.com/p/DdRmJ7ylLbW/
https://www.instagram.com/reel/DadD8_5qsX7","Changi Airport, Singapore, Singapore",1.357557,103.988481
Changi Airport TransitLink Counter,trasporti,Singapore,da_fare,1,"💰 SGD 12
Punto vendita in aeroporto per acquistare la carta EZ-Link per i trasporti.
💡 Prendi la carta EZ-Link qui e non in hotel.
https://www.instagram.com/p/Dab4fpNzntG/","Changi Airport TransitLink Counter, Singapore, Singapore",,
Chinatown,cultura,Singapore,da_fare,5,"💰 gratis
Quartiere storico con un tempio dorato e numerosi caffè.
Quartiere storico e vivace con mercati di strada e templi.
Vivace quartiere storico ideale per esplorare a piedi senza spendere nulla.
Quartiere storico dove esplorare le tradizioni, assaggiare cibi locali come il durian e il succo di canna da zucchero e gustare dolci cinesi.
Quartiere storico che offre un'atmosfera unica e completamente diversa dalle altre zone della città.
https://www.instagram.com/p/DcPieJXT1LN/
https://www.instagram.com/p/DcoOjNHCGFl/
https://www.instagram.com/p/Dcytt_NEgiu/
https://www.instagram.com/p/DOq0Cnqk5eN/
https://www.instagram.com/p/DdRmJ7ylLbW/","Chinatown, Singapore, Singapore",1.279969,103.843688
Chinatown Complex Food Centre,cibo,Singapore,da_fare,4,"💰 economico
Mercato alimentare enorme, molto locale e ricco di bancarelle con tantissima scelta.
Il più grande e con la maggiore scelta di piatti. Conviene esplorare tutte le bancarelle prima di ordinare.
Grande hawker centre ideale per assaggiare autentico cibo locale.
Grande hawker centre ideale per assaggiare piatti locali autentici spendendo poco.
💡 Vieni affamato perché c'è molta scelta
💡 Fai un giro esplorativo prima di decidere cosa ordinare.
https://www.instagram.com/p/DcoZb0MvzAc/
https://www.instagram.com/p/DdEv2rJFH2n/
https://www.instagram.com/p/DdRmJ7ylLbW/
https://www.instagram.com/reel/DcgBj_rzEHQ","Chinatown Complex Food Centre, Singapore, Singapore",,
Chinatown Heritage Centre,attivita,Singapore,da_fare,1,"Crea la tua copertina di giornale personalizzata in pochi minuti presso la cabina fotografica all'esterno.
💡 Include una copia stampata in bianco e nero e una copia digitale tramite codice QR.
https://www.instagram.com/p/DaAhIO3B_NB/","Chinatown Heritage Centre, Singapore, Singapore",1.283496,103.844330
Clarke Quay,nightlife,Singapore,da_fare,2,"Vivace zona lungo il fiume ideale per la vita notturna.
Il fulcro della vita notturna di Singapore situato lungo il fiume Singapore.
https://www.instagram.com/p/DcoOjNHCGFl/
https://www.instagram.com/reel/DcYiu0gzYjY","Clarke Quay, Singapore, Singapore",1.288241,103.846428
Cloud Forest,natura,Singapore,da_fare,2,"Attrazione all'interno dei Gardens by the Bay che offre un'esperienza immersiva con i dinosauri di Jurassic World.
Spettacolare attrazione coperta con cascata al coperto e passerelle nebbiose. Ospita anche mostre tematiche come Jurassic World.
https://www.instagram.com/p/DOq0Cnqk5eN/
https://www.instagram.com/reel/DcpdS0AqUZO","Cloud Forest, Singapore, Singapore",1.283878,103.866034
Coney Island,natura,Singapore,da_fare,1,"💰 gratis
Ideale per corse mattutine tranquille e percorsi immersi nel verde.
💡 Prendi la MRT fino a Punggol Coast.
https://www.instagram.com/p/DdJfn-wDxDm/","Coney Island, Singapore, Singapore",1.408332,103.922517
Cé La Vi,nightlife,Singapore,da_fare,1,"💰 prezzo di un drink
Ottima alternativa al Marina Bay Sands SkyPark per godersi la vista sullo skyline e il tramonto bevendo qualcosa.
https://www.instagram.com/reel/DcgBj_rzEHQ","Cé La Vi, Singapore, Singapore",1.284615,103.860933
DBS Sailing Experience,attivita,Singapore,da_fare,1,"💰 gratis
Esperienza di navigazione di lusso gratuita a Singapore.
💡 Prenota in anticipo perché i posti sono limitati.
⚠️ Posti limitati, serve velocità per prenotare.
https://www.instagram.com/reel/DZAS9wJFI7i","DBS Sailing Experience, Singapore, Singapore",,
East Coast Park,natura,Singapore,da_fare,2,"💰 gratis
Perfetto per percorsi ciclabili e mattinate sulla costa.
Parco costiero dall'atmosfera locale, perfetto per andare in bicicletta al tramonto e gustare ottimi frutti di mare.
💡 Prendi la MRT fino a Marine Parade.
https://www.instagram.com/p/DdJfn-wDxDm/
https://www.instagram.com/reel/DcgBj_rzEHQ","East Coast Park, Singapore, Singapore",1.304972,103.927078
Flower Dome,natura,Singapore,da_fare,1,"Serra botanica situata all'interno dei Gardens by the Bay.
https://www.instagram.com/p/DOq0Cnqk5eN/","Flower Dome, Singapore, Singapore",1.284536,103.864702
Fook Hing Trading Co,shopping,Singapore,da_fare,1,"💰 gratis
Negozio con nuovi timbri gratuiti da usare e una vasta gamma di penne in vendita.
💡 Si trova all'unità 01-23.
https://www.instagram.com/p/DdP5_FTE5PA/","Fook Hing Trading Co, Singapore, Singapore",,
Fort Canning,natura,Singapore,da_fare,3,"💰 gratis
Parco storico nel cuore della città.
Parco centrale ideale per una pausa dalla folla, famoso per la scala a chiocciola nascosta nel tunnel degli alberi.
Un bellissimo parco storico spesso trascurato, perfetto per fare una passeggiata rilassante dopo aver visitato il tunnel.
💡 Prendi la MRT fino a Fort Canning.
https://www.instagram.com/p/DdJfn-wDxDm/
https://www.instagram.com/p/DdQRVuUsGTg/
https://www.instagram.com/reel/DbD1N0MKvIM","Fort Canning, Singapore, Singapore",1.292386,103.844240
Fort Canning Tree Tunnel,natura,Singapore,da_fare,3,"💰 gratis
Iconico punto fotografico sotterraneo con scala a chiocciola.
Famoso spot fotografico caratterizzato da un'apertura circolare incorniciata dal verde.
Tunnel sotterraneo con una scalinata e un grande albero della pioggia in cima, uno dei punti fotografici più iconici della città.
💡 Vai presto al mattino per evitare le code.
💡 Arriva il prima possibile per evitare le code più lunghe.
⚠️ Code
⚠️ Code molto lunghe, attesa al caldo
https://www.instagram.com/p/DcPieJXT1LN/
https://www.instagram.com/p/DcTD6lvg0YK/
https://www.instagram.com/reel/DbD1N0MKvIM","Fort Canning Tree Tunnel, Singapore, Singapore",1.297295,103.846312
FuLee Mixed Vegetable Rice,cibo,Singapore,da_fare,1,"Catena locale famosa per i piatti Tze Char e le varianti all'uovo salato come pesce, maiale e pollo.
💡 Presente in varie location in tutta Singapore.
https://www.instagram.com/reel/Dbf3sDzh-ra","FuLee Mixed Vegetable Rice, Singapore, Singapore",,
FuLee Seafood,cibo,Singapore,da_fare,1,"💰 $9.90
Ristorante Tze Char noto per il popolare piatto Curry Fish Tail.
💡 Promozione valida solo per consumazione sul posto.
https://www.instagram.com/reel/Dbf3sDzh-ra","FuLee Seafood, Singapore, Singapore",,
GX-5 Extreme Swing,attivita,Singapore,da_fare,1,"Attrazione adrenalinica situata nella zona di Clarke Quay.
https://www.instagram.com/reel/DcYiu0gzYjY","GX-5 Extreme Swing, Singapore, Singapore",,
Gardens by the Bay,natura,Singapore,da_fare,12,"💰 Gratis (attrazioni a pagamento), SGD 45, gratis
Celebre parco con serre (Cloud Forest e Flower Dome) e show di luci gratuito.
Parco futuristico. Visita gratuita e spettacolo delle luci Supertree alle 19:45 e 20:45.
Ecosistema di energia rinnovabile, imperdibile per lo spettacolo di luci Garden Rhapsody due volte a notte.
Futuristico parco botanico famoso per i Supertree Grove e le serre.
Celebre parco futuristico da esplorare gratuitamente.
Parco futuristico che ospita la Flower Dome e la Cloud Forest, con esperienze immersive come i dinosauri di Jurassic World.
Iconici giardini di Singapore perfetti da visitare al mattino.
Iconico parco futuristico con Supertrees. Da vedere sia di giorno che di notte per lo show di luci.
Parco futuristico dove puoi passeggiare gratuitamente tra i Supertree e assistere allo spettacolo di luci e suoni Garden Rhapsody.
Famoso parco futuristico da visitare per ammirare i giardini e le strutture iconiche.
Celebre parco botanico futuristico di Singapore, tappa imperdibile per la sua architettura e i giardini.
Il posto migliore per ammirare il Gardens By The Bay Super Tree Grove light show.
💡 Prenota le serre online e guarda lo show delle 7:45pm gratis prima di pagare.
💡 Acquista i biglietti per Cloud Forest, Floral Fantasy e OCBC Skyway.
💡 Non perdere lo spettacolo di luci serale Garden Rhapsody disponibile ogni notte.
💡 Prendi la MRT fino a Gardens by the Bay.
💡 Torna dopo il buio per assistere al Garden Rhapsody.
💡 Cloud Forest e Flower Dome sono le uniche serre a pagamento.
💡 Arriva intorno alle 19:15 per lo spettacolo delle 19:45.
💡 Gli spettacoli di luci sono ogni sera alle 19:45 e 20:45.
https://www.instagram.com/p/Dab4fpNzntG/
https://www.instagram.com/p/DcPieJXT1LN/
https://www.instagram.com/p/DbvQJXZsJ6f/
https://www.instagram.com/p/DcoOjNHCGFl/
https://www.instagram.com/p/Dcytt_NEgiu/
https://www.instagram.com/p/DOq0Cnqk5eN/
https://www.instagram.com/p/DdJfn-wDxDm/
https://www.instagram.com/p/DdRmJ7ylLbW/
https://www.instagram.com/p/DdQRVuUsGTg/
https://www.instagram.com/reel/DWoRp2BkxNa
https://www.instagram.com/reel/DcYiu0gzYjY
https://www.instagram.com/reel/DcXHYn9Tsqm","Gardens by the Bay, Singapore, Singapore",1.281149,103.864960
Haji Lane,shopping,Singapore,da_fare,3,"Zona vivace con murales colorati e boutique indipendenti.
Via ricca di murales, negozi indipendenti e locali alla moda.
Caratteristica via alternativa a Orchard Road con negozi indipendenti, vivace street art e bar graziosi.
https://www.instagram.com/p/DcPieJXT1LN/
https://www.instagram.com/p/DcoOjNHCGFl/
https://www.instagram.com/reel/DcgBj_rzEHQ","Haji Lane, Singapore, Singapore",1.301227,103.858734
Helix Bridge,attivita,Singapore,da_fare,1,"💰 Gratis
Ponte pedonale a spirale che collega Marina Bay Sands al Merlion Park.
https://www.instagram.com/p/DcPieJXT1LN/","Helix Bridge, Singapore, Singapore",1.287522,103.860618
Hill Street Tai Hwa Pork Noodle,cibo,Singapore,da_fare,1,"Famoso chiosco hawker con stella Michelin dal 2016, noto per i suoi bak chor mee e gan mian asciutti.
💡 Aperto da martedì a domenica dalle 9:00 alle 20:30.
⚠️ Lunga attesa e code di oltre 30 minuti la mattina.
https://www.instagram.com/reel/DcaJ495qx8G","Hill Street Tai Hwa Pork Noodle, Singapore, Singapore",,
Hvala,cibo,Singapore,da_fare,1,"Locale in stile tradizionale giapponese che offre tè matcha, dessert e gelato.
https://www.instagram.com/reel/DZFBaX1Bx0k","Hvala, Singapore, Singapore",1.296159,103.853686
Jewel Changi,shopping,Singapore,da_fare,2,"Complesso di intrattenimento e shopping famoso per la cascata Rain Vortex.
Complesso iconico con la Rain Vortex, la Shiseido Forest Valley, il Canopy Park e ristoranti.
💡 Visita la Rain Vortex attiva dalle 10:00 alle 22:00.
💡 Prendi lo Skytrain per passare attraverso Jewel.
https://www.instagram.com/p/DcoOjNHCGFl/
https://www.instagram.com/reel/DadD8_5qsX7","Jewel Changi, Singapore, Singapore",1.360224,103.989675
Jigger and Pony,nightlife,Singapore,da_fare,1,"Rinomato cocktail bar classificato tra i migliori al mondo, perfetto per un drink serale.
https://www.instagram.com/p/DOx9BoEkzS4/","Jigger and Pony, Singapore, Singapore",,
Joo Chiat,cultura,Singapore,da_fare,4,"💰 S$36.90, gratis
📅 1 giorno
Quartiere colorato perfetto per passeggiare e trovare punti fotografici unici.
Quartiere famoso per le sue case Peranakan colorate, caffè caratteristici e ottimo cibo locale.
Quartiere noto per le sue colorate shophouses, la street art e i cafè più carini.
Ottimo per il gioco Monopoly: Hidden, esplorare caffè, ammirare l'architettura peranakan e negozi di souvenir.
💡 Porta un ventaglio, un cappellino e la crema solare.
💡 Prendi la MRT fino a Marine Parade.
⚠️ Può fare molto caldo.
https://www.instagram.com/p/Dcytt_NEgiu/
https://www.instagram.com/p/DdRmJ7ylLbW/
https://www.instagram.com/reel/DcYiu0gzYjY
https://www.instagram.com/reel/Da79R5LR6Ll","Joo Chiat, Singapore, Singapore",1.311274,103.901122
Kampong Glam,cultura,Singapore,da_fare,4,"💰 gratis
Storico quartiere musulmano ricco di colori, cultura e angoli da fotografare.
Quartiere vibrante e caratteristico da esplorare per scoprire la diversità culturale di Singapore.
Quartiere storico che include la vivace Haji Lane, ricco di murales e botteghe tradizionali.
Quartiere storico e culturale ricco di atmosfera, negozietti e caffè vicino a Haji Lane.
https://www.instagram.com/p/Dcytt_NEgiu/
https://www.instagram.com/p/DdRmJ7ylLbW/
https://www.instagram.com/p/DdQRVuUsGTg/
https://www.instagram.com/reel/DcgBj_rzEHQ","Kampong Glam, Singapore, Singapore",1.302263,103.859691
Kinki Rooftop,nightlife,Singapore,da_fare,1,"Rooftop bar ideale per un drink con happy hour e senza spesa minima richiesta.
https://www.instagram.com/reel/DZFBaX1Bx0k","Kinki Rooftop, Singapore, Singapore",,
LAVO Italian Restaurant & Rooftop Bar,cibo,Singapore,da_fare,1,"💰 prezzo di un drink
Ristorante e bar sul tetto ideale per ammirare la stessa vista dello skyline pagando solo un drink.
https://www.instagram.com/reel/DcgBj_rzEHQ","LAVO Italian Restaurant & Rooftop Bar, Singapore, Singapore",,
Lau Pa Sat,cibo,Singapore,da_fare,10,"💰 $10 SGD, economico, sotto i 10$
Storico hawker centre perfetto per provare la cucina locale autentica.
Famosa via dei satay situata sotto i grattacieli.
Storico hawker centre nel centro di Singapore, ideale per gustare cibo locale economico e delizioso.
Famoso centro all'aperto dove gustare ottimi spiedini satay la sera.
Uno degli hawker centre più iconici di Singapore, situato nel cuore del CBD.
Incredibile street food in un mercato storico. Ottimo per cena.
Da visitare la sera quando si anima la Satay Street all'aperto. Ottima atmosfera, da provare satay e Hokkien mee.
Storico hawker centre nel centro finanziario, ottimo per provare il satay.
Storico hawker centre perfetto per mangiare cibo locale eccellente a prezzi contenuti.
Storico mercato dove gustare spiedini di satay e gamberi alla griglia nella celebre Satay Street.
💡 Controlla sia le bancarelle all'interno che quelle all'esterno su Satay Street per le migliori offerte.
💡 Andare la sera per vivere l'atmosfera della Satay Street.
⚠️ Scarsa pulizia
https://www.instagram.com/p/Dab4fpNzntG/
https://www.instagram.com/p/DcPieJXT1LN/
https://www.instagram.com/p/DcuAMd_zPKZ/
https://www.instagram.com/p/Dcytt_NEgiu/
https://www.instagram.com/p/DcoZb0MvzAc/
https://www.instagram.com/p/DOifaMdkwOn/
https://www.instagram.com/p/DdEv2rJFH2n/
https://www.instagram.com/p/DdRmJ7ylLbW/
https://www.instagram.com/reel/DcgBj_rzEHQ
https://www.instagram.com/reel/DZFBaX1Bx0k","Lau Pa Sat, Singapore, Singapore",1.280617,103.850480
Lavender,alloggio,Singapore,da_fare,1,"Zona conveniente dove soggiornare, vicina alla MRT e con tantissima offerta gastronomica.
https://www.instagram.com/reel/DcgBj_rzEHQ","Lavender, Singapore, Singapore",1.307350,103.863153
Lee Kong Chian Reference Library,cultura,Singapore,da_fare,1,"Biblioteca nazionale che custodisce un timbro a tema parco giochi del drago nascosto su uno scaffale.
💡 Si trova al livello 7 della National Library, accanto a Bras Basah Complex.
https://www.instagram.com/p/DdP5_FTE5PA/","Lee Kong Chian Reference Library, Singapore, Singapore",,
Little India,cultura,Singapore,da_fare,3,"💰 gratis
Quartiere colorato e ricco di tradizioni, templi e profumi.
Quartiere vibrante e colorato, perfetto per esplorare edifici storici e murales senza spendere nulla.
Quartiere vivace in cui alloggiare per spendere meno, vicino alla metropolitana MRT e ricco di cibo ovunque.
https://www.instagram.com/p/DcoOjNHCGFl/
https://www.instagram.com/p/DdQRVuUsGTg/
https://www.instagram.com/reel/DcgBj_rzEHQ","Little India, Singapore, Singapore",1.306843,103.849274
MacRitchie Nature Trail,natura,Singapore,da_fare,1,"💰 gratis
Sentiero naturalistico immerso nella natura ideale per esplorare la foresta pluviale e fare escursioni.
https://www.instagram.com/p/DOx9BoEkzS4/","MacRitchie Nature Trail, Singapore, Singapore",1.352855,103.827680
MacRitchie Reservoir Treetop Walk,natura,Singapore,da_fare,2,"💰 gratis
Ponte sospeso immerso nella natura, ideale per una fuga verde a soli 20 minuti dal centro.
Ponte sospeso a 25 metri di altezza che offre una vista panoramica sulla foresta pluviale.
💡 Prendi la Circle Line fino a Upper Thomson MRT e cammina fino a Venus Drive.
💡 Puoi prendere un autobus fino a Upp Thomson Rd (Opp Flame Tree Pk).
💡 In auto, imposta Venus Drive Car Park come destinazione.
https://www.instagram.com/p/DcqxiiqTihx/
https://www.instagram.com/p/DOx9BoEkzS4/","MacRitchie Reservoir Treetop Walk, Singapore, Singapore",,
Marina Barrage,natura,Singapore,da_fare,2,"💰 gratis
Ottimo per viste dell'alba e attività all'aperto.
Ampie distese erbose sul tetto con vista sullo skyline, amate dai locali per i picnic e spesso saltate dai turisti.
💡 Prendi la MRT fino a Gardens by the Bay.
https://www.instagram.com/p/DdJfn-wDxDm/
https://www.instagram.com/p/DdQRVuUsGTg/","Marina Barrage, Singapore, Singapore",1.281403,103.872574
Marina Bay,attivita,Singapore,da_fare,4,"💰 gratis
Esperienza di vela a Marina Bay con Sailing at the Bay.
Iconica zona di Singapore con viste sullo skyline, tappa imperdibile del primo giorno.
Area iconica di Singapore ideale per una passeggiata panoramica gratuita.
Zona moderna con luci, grattacieli, musica live e drink per la sera.
💡 Richiede la prenotazione tramite DBS Bank.
https://www.instagram.com/p/DaF59WesrXr/
https://www.instagram.com/p/DcoOjNHCGFl/
https://www.instagram.com/p/Dcytt_NEgiu/
https://www.instagram.com/p/DOifaMdkwOn/","Marina Bay, Singapore, Singapore",1.277658,103.853687
Marina Bay Sands,attivita,Singapore,da_fare,3,"💰 Gratis, gratis
Iconico complesso alberghiero e punto di riferimento sul lungomare.
Offre un giro in sampan gratuito iscrivendosi al programma fedeltà Sands Lifestyle.
Iconico complesso alberghiero e attrazione simbolo di Singapore.
💡 Iscriviti al membership Sands Lifestyle e richiedi l'upgrade a Sands Rewards Gold al banco dedicato.
💡 Porta il passaporto e compila i dettagli personali sull'app.
⚠️ Il personale potrebbe inizialmente indirizzarvi al casinò per l'upgrade.
https://www.instagram.com/p/DcPieJXT1LN/
https://www.instagram.com/reel/DZMJCEZDNLB
https://www.instagram.com/reel/DcYiu0gzYjY","Marina Bay Sands, Singapore, Singapore",1.283697,103.860723
Marina Bay Sands SkyPark,attivita,Singapore,da_fare,1,"Terrazza panoramica per ammirare Marina Bay, Gardens by the Bay e lo skyline dall'alto.
💡 Consigliato al tramonto.
https://www.instagram.com/p/DcTD6lvg0YK/","Marina Bay Sands SkyPark, Singapore, Singapore",,
Maxwell Food Centre,cibo,Singapore,da_fare,8,"💰 $6 SGD, economico
Hawker centre locale ideale per mangiare spendendo poco rispetto ai ristoranti.
Celebre food centre a tre minuti da Chinatown, famoso per il pollo con riso stellato Michelin.
Ottima prima tappa per provare il classico cibo degli hawker di Singapore, ideale mentre esplori Chinatown.
Ottimo per i principianti, vicino a Chinatown. Da provare il riso al pollo hainanese, la torta di ostriche e il popiah.
Famoso hawker centre dove gustare piatti tipici locali.
Celebre hawker centre economico dove gustare cibo autentico e di ottima qualità.
Famoso hawker centre dove provare il celebre riso al pollo Hainanese stellato Michelin.
Grande centro hawker con oltre 100 bancarelle, perfetto per provare una grande varietà di cibo locale.
💡 Facile da combinare con una visita a Chinatown.
https://www.instagram.com/p/Dab4fpNzntG/
https://www.instagram.com/p/DcPieJXT1LN/
https://www.instagram.com/p/DcoZb0MvzAc/
https://www.instagram.com/p/DdEv2rJFH2n/
https://www.instagram.com/p/DdRmJ7ylLbW/
https://www.instagram.com/reel/DcgBj_rzEHQ
https://www.instagram.com/reel/DZFBaX1Bx0k
https://www.instagram.com/reel/DcaJ495qx8G","Maxwell Food Centre, Singapore, Singapore",,
Merlion,cultura,Singapore,da_fare,3,"💰 gratis
La celebre statua simbolo di Singapore con testa di leone e corpo di pesce.
Celebre punto panoramico gratuito con la famosa statua del Merlion affacciata sulla baia.
Famoso parco di Singapore che non ha bisogno di introduzioni, tappa iconica per i visitatori.
https://www.instagram.com/p/DcoOjNHCGFl/
https://www.instagram.com/p/DdQRVuUsGTg/
https://www.instagram.com/reel/DcYiu0gzYjY","Merlion, Singapore, Singapore",1.286784,103.854504
Mr & Mrs Mohgan Super Crispy Roti Prata,cibo,Singapore,da_fare,1,"Posto perfetto nel quartiere per assaggiare uno dei piatti locali preferiti, il roti prata croccante.
https://www.instagram.com/reel/DcYiu0gzYjY","Mr & Mrs Mohgan Super Crispy Roti Prata, Singapore, Singapore",1.309745,103.902017
Mustafa Centre,shopping,Singapore,da_fare,1,"Centro commerciale a Little India con cambiavalute che offrono tassi migliori rispetto all'aeroporto.
💡 Cambia i soldi qui o nei centri commerciali e non in aeroporto.
https://www.instagram.com/p/Dab4fpNzntG/","Mustafa Centre, Singapore, Singapore",1.310117,103.855323
Newton Food Centre,cibo,Singapore,da_fare,1,"Hawker centre popolare dove gustare piatti locali a prezzi economici.
https://www.instagram.com/p/Dab4fpNzntG/","Newton Food Centre, Singapore, Singapore",1.312079,103.839288
Night Safari,nightlife,Singapore,da_fare,2,"💰 55 SGD
Primo zoo notturno al mondo per osservare animali dopo il calar del sole.
Zoo notturno alla Mandai Wildlife Reserve con animali attivi di notte, sentieri da esplorare, spettacolo e tram safari.
💡 Fai prima i sentieri e lo spettacolo, poi sali sul tram per evitare la coda.
💡 Prenota lo slot per lo spettacolo tramite l'app Mandai con 2 ore di anticipo.
⚠️ Coda del tram molto lunga all'inizio della serata.
https://www.instagram.com/p/DcoOjNHCGFl/
https://www.instagram.com/reel/DcTDkM_zwz7","Night Safari, Singapore, Singapore",1.401353,103.789002
Orchard Road,shopping,Singapore,da_fare,2,"💰 $2
Principale via dello shopping di Singapore con grandi centri commerciali.
Viale dello shopping dove acquistare il tipico gelato in blocchi dai venditori ambulanti di strada.
https://www.instagram.com/p/DcoOjNHCGFl/
https://www.instagram.com/reel/DZFBaX1Bx0k","Orchard Road, Singapore, Singapore",1.301678,103.838053
Popular Bookstore,shopping,Singapore,da_fare,1,"Libreria che offre il timbro Loka Made situato al banco cassa.
💡 Si trova all'unità 04-23/33.
https://www.instagram.com/p/DdP5_FTE5PA/","Popular Bookstore, Singapore, Singapore",1.309570,103.777171
Punch,cibo,Singapore,da_fare,1,"Caffetteria ideale per iniziare la giornata con ottimi caffè e colazioni di qualità.
https://www.instagram.com/reel/DZFBaX1Bx0k","Punch, Singapore, Singapore",1.286898,103.847295
Queic,cibo,Singapore,da_fare,1,"Pasticceria famosa per la cheesecake virale.
https://www.instagram.com/reel/DadD8_5qsX7","Queic, Singapore, Singapore",1.280861,103.842088
Rail Corridor,natura,Singapore,da_fare,1,"💰 gratis
Sentiero verde ideale per esplorazioni mattutine.
💡 Prendi la MRT fino a King Albert Park.
https://www.instagram.com/p/DdJfn-wDxDm/","Rail Corridor, Singapore, Singapore",1.279428,103.823783
River Wonders,natura,Singapore,da_fare,2,"Il solo safari fluviale in Asia, per un'esperienza che fa sentire nella foresta pluviale amazzonica.
Parco faunistico a tema fluviale con animali d'acqua dolce.
https://www.instagram.com/p/DcvBPtVzAeC/
https://www.instagram.com/p/DcoOjNHCGFl/","River Wonders, Singapore, Singapore",1.402019,103.791605
Rochor Beancurd House,cibo,Singapore,da_fare,1,"Storica casa di beancurd tradizionale aperta 24 ore su 24 da oltre 20 anni.
https://www.instagram.com/p/DdWLE9uT8EC/","Rochor Beancurd House, Singapore, Singapore",1.326303,103.848728
S.E.A. Aquarium,attivita,Singapore,da_fare,1,"Enorme acquario marino situato a Sentosa.
https://www.instagram.com/p/DcoOjNHCGFl/","S.E.A. Aquarium, Singapore, Singapore",1.305538,103.931630
Satay Street,cibo,Singapore,da_fare,3,"💰 sotto i 10$
Strada famosa per gli spiedini di satay all'aperto, situata accanto a Lau Pa Sat.
Strada che la sera si riempie di bancarelle di satay proprio fuori da Lau Pa Sat.
La strada fuori da Lau Pa Sat che si trasforma la sera con tavoli e griglie fumanti.
💡 Visita la strada la sera per provare gli spiedini di satay all'aperto.
💡 Vai la sera quando la strada si riempie di bancarelle di satay
💡 Da visitare dopo il calar del sole.
https://www.instagram.com/p/DcuAMd_zPKZ/
https://www.instagram.com/p/DcoZb0MvzAc/
https://www.instagram.com/p/DdRmJ7ylLbW/","Satay Street, Singapore, Singapore",1.280329,103.850159
Seletar Loop,natura,Singapore,da_fare,1,"💰 gratis
Percorso ideale per iniziare la giornata.
💡 Prendi la MRT fino a Sengkang.
https://www.instagram.com/p/DdJfn-wDxDm/","Seletar Loop, Singapore, Singapore",,
Sensoryscape,attivita,Singapore,da_fare,1,"💰 gratis
Esperienza notturna magica con realtà aumentata e creature luminose surreali visibili tramite smartphone.
💡 Visita di notte per goderti appieno l'esperienza in realtà aumentata.
https://www.instagram.com/reel/DZG3qvkCF6q","Sensoryscape, Singapore, Singapore",1.253213,103.818820
Sentosa,attivita,Singapore,da_fare,1,"Isola di svago con spiagge, resort e parchi divertimento.
https://www.instagram.com/p/DcoOjNHCGFl/","Sentosa, Singapore, Singapore",1.249689,103.829753
Sentosa Cable Car,attivita,Singapore,da_fare,1,"💰 $2
Goditi splendide viste panoramiche su Sentosa con la Sentosa Line.
💡 Valido solo per cittadini di Singapore, PR e possessori di pass locali.
💡 Acquista i biglietti direttamente alle biglietterie fisiche.
⚠️ Non valido nei weekend o nei giorni festivi.
https://www.instagram.com/p/DaCXeMyzDT8/","Sentosa Cable Car, Singapore, Singapore",1.263372,103.818541
Singapore,altro,Singapore,da_fare,1,"💰 $1
Noleggiare una bicicletta per godere delle migliori viste sullo skyline della città.
💡 Commenta con la parola bike per ricevere tutte le informazioni necessarie.
https://www.instagram.com/p/DZemEXDTB5w/","Singapore, Singapore",1.289918,103.851907
Singapore Botanic Gardens,natura,Singapore,da_fare,1,"💰 gratis
Unico giardino tropicale al mondo patrimonio UNESCO, ideale per ammirare i gruppi di Tai Chi.
💡 Arriva entro le 7:30 per vedere i gruppi di Tai Chi vicino a Swan Lake.
💡 Solo la sezione del giardino delle orchidee è a pagamento.
https://www.instagram.com/p/DdQRVuUsGTg/","Singapore Botanic Gardens, Singapore, Singapore",1.314632,103.815615
Singapore Zoo,natura,Singapore,da_fare,1,"Famoso zoo immerso in un ambiente naturale e aperto.
https://www.instagram.com/p/DcoOjNHCGFl/","Singapore Zoo, Singapore, Singapore",1.403708,103.794037
Southbridge,nightlife,Singapore,da_fare,1,"Rooftop perfetto per ammirare lo skyline di Singapore e il Marina Bay Sands illuminato.
💡 Meglio prenotare in anticipo.
https://www.instagram.com/p/DcTD6lvg0YK/","Southbridge, Singapore, Singapore",1.288400,103.849187
Southern Ridges,natura,Singapore,da_fare,2,"💰 gratis
Percorso naturalistico con sentieri e passerelle nel verde, celebre per il ponte Henderson Waves.
Percorso naturalistico panoramico che collega diversi parchi, ideale al tramonto grazie all'Henderson Waves.
💡 Visita durante la golden hour per ammirare il panorama migliore.
https://www.instagram.com/p/DcTD6lvg0YK/
https://www.instagram.com/p/DdQRVuUsGTg/","Southern Ridges, Singapore, Singapore",1.255571,103.817740
Spectra Water Show,attivita,Singapore,da_fare,1,"💰 Gratis
Spettacolo gratuito di luci, laser e acqua sul lungomare alle 20:00 e 21:00.
https://www.instagram.com/p/DcPieJXT1LN/","Spectra Water Show, Singapore, Singapore",,
Sultan Mosque,cultura,Singapore,da_fare,1,"Moschea scenografica situata nel cuore del vivace quartiere di Kampong Glam.
💡 Esplora anche il vicino quartiere di Haji Lane tra street art e localini.
https://www.instagram.com/p/DcTD6lvg0YK/","Sultan Mosque, Singapore, Singapore",1.303433,103.859697
Supertree Grove,cultura,Singapore,da_fare,1,"💰 gratis
Famosi alberi tecnologici che ospitano uno spettacolare show di luci serale.
https://www.instagram.com/p/DOx9BoEkzS4/","Supertree Grove, Singapore, Singapore",1.281999,103.863936
Tekka Centre,cibo,Singapore,da_fare,4,"Perfetto da abbinare a una giornata a Little India, con molti piatti indiani e locali da provare.
Ideale mentre si esplora Little India, eccellente per il cibo indiano come biryani, roti prata e succhi freschi.
Vivace hawker centre perfetto per immergersi nella cucina locale.
Vivace centro nel quartiere Little India dove provare il pollo al burro e i prata.
💡 Uniscilo a una giornata di esplorazione di Little India
💡 Perfetto da visitare mentre esplori Little India.
https://www.instagram.com/p/DcoZb0MvzAc/
https://www.instagram.com/p/DdEv2rJFH2n/
https://www.instagram.com/p/DdRmJ7ylLbW/
https://www.instagram.com/reel/DZFBaX1Bx0k","Tekka Centre, Singapore, Singapore",1.306191,103.850615
Terminal 1 Changi Airport,attivita,Singapore,da_fare,1,"Terminale che ospita la Kinetic Rain e il Cactus Garden.
https://www.instagram.com/reel/DadD8_5qsX7","Terminal 1 Changi Airport, Singapore, Singapore",1.362714,103.989526
The Loka Made,shopping,Singapore,da_fare,1,"💰 1$
Un grazioso negozietto dove creare cartoline e cancelleria personalizzate usando veri timbri e presse.
https://www.instagram.com/reel/DaXcrszyLDA","The Loka Made, Singapore, Singapore",,
The Shoppes at Marina Bay Sands,attivita,Singapore,da_fare,1,"Centro commerciale dove puoi navigare lungo il canale interno a bordo di una piccola imbarcazione sampan.
https://www.instagram.com/p/DcTD6lvg0YK/","The Shoppes at Marina Bay Sands, Singapore, Singapore",1.284021,103.858868
Tian Tian Hainanese Chicken Rice,cibo,Singapore,da_fare,1,"Famoso chiosco situato all'interno del Maxwell Food Centre.
https://www.instagram.com/reel/DcaJ495qx8G","Tian Tian Hainanese Chicken Rice, Singapore, Singapore",1.280495,103.844798
Tiong Bahru Bakery,cibo,Singapore,da_fare,1,"Panetteria imperdibile nota soprattutto per il delizioso e friabile croissant alle mandorle.
https://www.instagram.com/reel/DZFBaX1Bx0k","Tiong Bahru Bakery, Singapore, Singapore",1.288226,103.804574
Uncle Chieng’s Ice Cream,cibo,Singapore,da_fare,1,"Iconico gelato in formato sandwich venduto per strada a Orchard Road.
https://www.instagram.com/reel/DagjDHYTaUx","Uncle Chieng’s Ice Cream, Singapore, Singapore",,
Universal Studios Singapore,attivita,Singapore,da_fare,3,"💰 SGD 83
Parco divertimenti famoso. Compra i biglietti online per evitare il sold out e ottenere voucher inclusi.
Parco divertimenti con attrazioni cinematografiche situato sull'isola di Sentosa.
Parco divertimenti a tema cinematografico a Sentosa.
💡 Acquista i biglietti online in anticipo perche le date popolari fanno sold out.
https://www.instagram.com/p/Dab4fpNzntG/
https://www.instagram.com/p/DcPieJXT1LN/
https://www.instagram.com/p/DcoOjNHCGFl/","Universal Studios Singapore, Singapore, Singapore",1.254201,103.822667
VietSpice,cibo,Singapore,da_fare,1,"Ristorante ideale per concludere la giornata con una cena tardiva.
https://www.instagram.com/reel/DcYiu0gzYjY","VietSpice, Singapore, Singapore",,
When I Was Four,shopping,Singapore,da_fare,1,"Negozio con molti timbri disponibili, ora aggiornati al tipo auto-inchiostrante.
💡 Si trova all'unità 04-41.
https://www.instagram.com/p/DdP5_FTE5PA/","When I Was Four, Singapore, Singapore",,
Wings of Time,nightlife,Singapore,da_fare,1,"Spettacolo serale all'aperto con acqua, luci e laser a Sentosa.
https://www.instagram.com/p/DcoOjNHCGFl/","Wings of Time, Singapore, Singapore",1.250778,103.816738
Ya Kun Kaya Toast,cibo,Singapore,da_fare,1,"Ottimo posto per la colazione a base di kaya toast, uova alla coppa e caffè kopi.
https://www.instagram.com/reel/DZFBaX1Bx0k","Ya Kun Kaya Toast, Singapore, Singapore",1.332626,103.848611
Zam Zam,cibo,Singapore,da_fare,1,"Storico locale celebre per preparare uno dei migliori murtabak della città.
https://www.instagram.com/reel/DZFBaX1Bx0k","Zam Zam, Singapore, Singapore",1.302275,103.858542
